{
  "config": {
    "n_iterations": 2,
    "n_gibbs_samples": 5,
    "n_gibbs_burnin": 2,
    "sigma": 1.0,
    "prior_precision": 0.01,
    "tolerance": 1e-05,
    "random_seed": 0
  },
  "seed": 0,
  "repeats": 1,
  "asymptotic": [
    {
      "n_agents": 5,
      "mean_tau": 0.7999999999999999
    },
    {
      "n_agents": 10,
      "mean_tau": 0.7999999999999999
    }
  ],
  "criteria": {
    "random": 0.39999999999999997,
    "d_opt": 0.6,
    "e_opt": 0.7999999999999999,
    "social": 0.0
  }
}
